order_id,order_date,business_id,business_name,salesperson,region,product_category,quantity,unit_price,sales_amount
1001,2024-01-04,5009,Sunset Mercantile,Sofia Russo,West,Home & Kitchen,3,226.25,678.75
1002,2024-01-06,5010,Greenfield Provisions,Kofi Mensah,Southwest,Home & Kitchen,3,279.66,838.98
1003,2024-01-10,5007,Maple Ridge Distributors,Marcus Reed,Southeast,Sports & Outdoors,3,192.65,577.95
1004,2024-01-13,5018,Beacon Street Supply,Priya Nair,Midwest,Electronics,4,642.48,2569.92
1005,2024-01-13,5031,Timberline Supply,Dana Olsen,Northeast,Toys & Games,1,111.07,111.07
1006,2024-01-18,5008,Ironclad Hardware,Priya Nair,Midwest,Beauty,7,31.84,222.88
1007,2024-01-20,5005,Cedar & Co.,Kofi Mensah,Southwest,Beauty,2,42.06,84.12
1008,2024-01-20,5027,Granite Peak Goods,Marcus Reed,Southeast,Toys & Games,2,85.34,170.68
1009,2024-01-26,5022,Highland Mercantile,Marcus Reed,Southeast,Apparel,4,137.94,551.76
1010,2024-01-27,5002,Riverbend Trading,Marcus Reed,Southeast,Beauty,5,9.38,46.9
1011,2024-01-27,5024,Evergreen Supply Co.,Sofia Russo,West,Apparel,1,196.81,196.81
1012,2024-01-29,5017,Fairview Wholesale,Marcus Reed,Southeast,Beauty,1,86.85,86.85
1013,2024-01-30,5026,Clearwater Retail,Dana Olsen,Northeast,Apparel,1,99.87,99.87
1014,2024-01-30,5004,Brightway Retail,Sofia Russo,West,Sports & Outdoors,1,162.44,162.44
1015,2024-01-30,5013,Lakeshore Imports,Priya Nair,Midwest,Home & Kitchen,1,24.43,24.43
1016,2024-01-31,5028,Foxglove Trading,Priya Nair,Midwest,Beauty,4,11.37,45.48
1017,2024-02-01,5035,Sterling Gate Retail,Kofi Mensah,Southwest,Home & Kitchen,5,227.82,1139.1
1018,2024-02-03,5023,Crossroads Trading,Priya Nair,Midwest,Toys & Games,1,104.91,104.91
1019,2024-02-04,5004,Brightway Retail,Liam Chen,West,Office Supplies,2,7.36,14.72
1020,2024-02-04,5021,Meadowbrook Goods,Dana Olsen,Northeast,Electronics,1,163.1,163.1
1021,2024-02-05,5034,Brookstone Distributors,Liam Chen,West,Electronics,2,1143.17,2286.34
1022,2024-02-08,5019,Redwood Logistics,Liam Chen,West,Office Supplies,6,69.68,418.08
1023,2024-02-08,5026,Clearwater Retail,Dana Olsen,Northeast,Beauty,4,57.13,228.52
1024,2024-02-09,5022,Highland Mercantile,Marcus Reed,Southeast,Electronics,8,915.24,7321.92
1025,2024-02-11,5036,Juniper Hill Trading,Dana Olsen,Northeast,Home & Kitchen,6,60.86,365.16
1026,2024-02-12,5013,Lakeshore Imports,Priya Nair,Midwest,Beauty,1,45.95,45.95
1027,2024-02-14,5016,Copper Canyon Retail,Dana Olsen,Northeast,Beauty,4,29.93,119.72
1028,2024-02-16,5009,Sunset Mercantile,Liam Chen,West,Sports & Outdoors,2,155.86,311.72
1029,2024-02-17,5021,Meadowbrook Goods,Dana Olsen,Northeast,Office Supplies,3,69.99,209.97
1030,2024-02-19,5027,Granite Peak Goods,Marcus Reed,Southeast,Toys & Games,2,63.23,126.46
1031,2024-02-21,5025,Bayside Provisions,Kofi Mensah,Southwest,Home & Kitchen,7,289.37,2025.59
1032,2024-02-23,5004,Brightway Retail,Liam Chen,West,Sports & Outdoors,2,188.38,376.76
1033,2024-02-26,5020,Silverline Distributors,Kofi Mensah,Southwest,Apparel,1,37.8,37.8
1034,2024-02-26,5033,Hollow Pine Goods,Priya Nair,Midwest,Toys & Games,3,71.16,213.48
1035,2024-02-27,5003,Oakline Wholesale,Priya Nair,Midwest,Toys & Games,1,37.99,37.99
1036,2024-02-27,5011,Northgate Outfitters,Dana Olsen,Northeast,Sports & Outdoors,2,289.64,579.28
1037,2024-03-01,5005,Cedar & Co.,Kofi Mensah,Southwest,Apparel,1,13.2,13.2
1038,2024-03-03,5025,Bayside Provisions,Kofi Mensah,Southwest,Toys & Games,7,30.34,212.38
1039,2024-03-04,5022,Highland Mercantile,Marcus Reed,Southeast,Beauty,1,60.27,60.27
1040,2024-03-06,5022,Highland Mercantile,Marcus Reed,Southeast,Toys & Games,6,14.97,89.82
1041,2024-03-09,5008,Ironclad Hardware,Priya Nair,Midwest,Apparel,1,76.5,76.5
1042,2024-03-12,5027,Granite Peak Goods,Marcus Reed,Southeast,Apparel,6,107.45,644.7
1043,2024-03-13,5018,Beacon Street Supply,Priya Nair,Midwest,Home & Kitchen,4,168.68,674.72
1044,2024-03-15,5007,Maple Ridge Distributors,Marcus Reed,Southeast,Beauty,1,23.9,23.9
1045,2024-03-15,5013,Lakeshore Imports,Priya Nair,Midwest,Toys & Games,1,52.76,52.76
1046,2024-03-15,5005,Cedar & Co.,Kofi Mensah,Southwest,Sports & Outdoors,8,101.98,815.84
1047,2024-03-18,5026,Clearwater Retail,Dana Olsen,Northeast,Electronics,5,790.22,3951.1
1048,2024-03-19,5016,Copper Canyon Retail,Dana Olsen,Northeast,Office Supplies,2,72.14,144.28
1049,2024-03-19,5016,Copper Canyon Retail,Dana Olsen,Northeast,Beauty,2,57.8,115.6
1050,2024-03-20,5008,Ironclad Hardware,Priya Nair,Midwest,Home & Kitchen,3,78.61,235.83
1051,2024-03-21,5024,Evergreen Supply Co.,Liam Chen,West,Office Supplies,4,9.29,37.16
1052,2024-03-23,5012,Stonebridge Supply,Marcus Reed,Southeast,Office Supplies,2,8.41,16.82
1053,2024-03-24,5002,Riverbend Trading,Marcus Reed,Southeast,Electronics,3,1019.88,3059.64
1054,2024-03-24,5008,Ironclad Hardware,Priya Nair,Midwest,Apparel,2,86.72,173.44
1055,2024-03-27,5033,Hollow Pine Goods,Priya Nair,Midwest,Office Supplies,1,66.32,66.32
1056,2024-03-28,5010,Greenfield Provisions,Kofi Mensah,Southwest,Sports & Outdoors,5,150.37,751.85
1057,2024-03-28,5023,Crossroads Trading,Priya Nair,Midwest,Toys & Games,6,109.43,656.58
1058,2024-03-29,5026,Clearwater Retail,Dana Olsen,Northeast,Beauty,2,40.51,81.02
1059,2024-04-02,5007,Maple Ridge Distributors,Marcus Reed,Southeast,Toys & Games,2,26.63,53.26
1060,2024-04-02,5020,Silverline Distributors,Kofi Mensah,Southwest,Home & Kitchen,2,253.24,506.48
1061,2024-04-02,5015,Pioneer Trading Co.,Kofi Mensah,Southwest,Beauty,2,46.15,92.3
1062,2024-04-05,5008,Ironclad Hardware,Priya Nair,Midwest,Electronics,1,805.43,805.43
1063,2024-04-05,5018,Beacon Street Supply,Priya Nair,Midwest,Toys & Games,2,114.43,228.86
1064,2024-04-05,5015,Pioneer Trading Co.,Kofi Mensah,Southwest,Office Supplies,2,72.06,144.12
1065,2024-04-07,5021,Meadowbrook Goods,Dana Olsen,Northeast,Sports & Outdoors,4,382.37,1529.48
1066,2024-04-08,5035,Sterling Gate Retail,Kofi Mensah,Southwest,Office Supplies,4,8.98,35.92
1067,2024-04-10,5022,Highland Mercantile,Marcus Reed,Southeast,Home & Kitchen,3,69.6,208.8
1068,2024-04-13,5035,Sterling Gate Retail,Kofi Mensah,Southwest,Office Supplies,5,29.59,147.95
1069,2024-04-18,5024,Evergreen Supply Co.,Sofia Russo,West,Office Supplies,1,15.63,15.63
1070,2024-04-18,5030,Vista Wholesale,Kofi Mensah,Southwest,Sports & Outdoors,1,190.85,190.85
1071,2024-04-19,5010,Greenfield Provisions,Kofi Mensah,Southwest,Office Supplies,1,8.3,8.3
1072,2024-04-20,5029,Anchor & Oak,Liam Chen,West,Electronics,1,440.77,440.77
1073,2024-04-20,5036,Juniper Hill Trading,Dana Olsen,Northeast,Electronics,3,934.12,2802.36
1074,2024-04-21,5023,Crossroads Trading,Priya Nair,Midwest,Toys & Games,3,75.9,227.7
1075,2024-04-21,5015,Pioneer Trading Co.,Kofi Mensah,Southwest,Office Supplies,6,63.53,381.18
1076,2024-04-23,5032,Coral Bay Imports,Marcus Reed,Southeast,Electronics,10,326.98,3269.8
1077,2024-04-25,5027,Granite Peak Goods,Marcus Reed,Southeast,Home & Kitchen,1,73.73,73.73
1078,2024-04-26,5012,Stonebridge Supply,Marcus Reed,Southeast,Beauty,3,38.51,115.53
1079,2024-05-01,5027,Granite Peak Goods,Marcus Reed,Southeast,Apparel,2,110.24,220.48
1080,2024-05-01,5007,Maple Ridge Distributors,Marcus Reed,Southeast,Sports & Outdoors,2,322.06,644.12
1081,2024-05-01,5005,Cedar & Co.,Kofi Mensah,Southwest,Office Supplies,2,68.47,136.94
1082,2024-05-09,5022,Highland Mercantile,Marcus Reed,Southeast,Apparel,1,170.87,170.87
1083,2024-05-09,5036,Juniper Hill Trading,Dana Olsen,Northeast,Toys & Games,3,119.4,358.2
1084,2024-05-11,5022,Highland Mercantile,Marcus Reed,Southeast,Electronics,1,1135.35,1135.35
1085,2024-05-11,5021,Meadowbrook Goods,Dana Olsen,Northeast,Toys & Games,7,117.7,823.9
1086,2024-05-12,5004,Brightway Retail,Liam Chen,West,Beauty,1,18.85,18.85
1087,2024-05-13,5036,Juniper Hill Trading,Dana Olsen,Northeast,Office Supplies,2,13.29,26.58
1088,2024-05-14,5010,Greenfield Provisions,Kofi Mensah,Southwest,Home & Kitchen,5,251.93,1259.65
1089,2024-05-16,5030,Vista Wholesale,Kofi Mensah,Southwest,Toys & Games,7,86.62,606.34
1090,2024-05-18,5026,Clearwater Retail,Dana Olsen,Northeast,Apparel,5,128.6,643.0
1091,2024-05-20,5009,Sunset Mercantile,Liam Chen,West,Electronics,1,674.17,674.17
1092,2024-05-22,5016,Copper Canyon Retail,Dana Olsen,Northeast,Office Supplies,2,15.71,31.42
1093,2024-05-23,5018,Beacon Street Supply,Priya Nair,Midwest,Home & Kitchen,1,264.23,264.23
1094,2024-05-25,5011,Northgate Outfitters,Dana Olsen,Northeast,Beauty,3,68.91,206.73
1095,2024-05-25,5015,Pioneer Trading Co.,Kofi Mensah,Southwest,Home & Kitchen,4,47.67,190.68
1096,2024-05-26,5017,Fairview Wholesale,Marcus Reed,Southeast,Sports & Outdoors,7,273.4,1913.8
1097,2024-05-26,5026,Clearwater Retail,Dana Olsen,Northeast,Home & Kitchen,9,226.18,2035.62
1098,2024-05-29,5019,Redwood Logistics,Sofia Russo,West,Office Supplies,5,67.16,335.8
1099,2024-05-29,5019,Redwood Logistics,Liam Chen,West,Sports & Outdoors,4,371.12,1484.48
1100,2024-05-29,5036,Juniper Hill Trading,Dana Olsen,Northeast,Sports & Outdoors,2,77.92,155.84
1101,2024-05-31,5003,Oakline Wholesale,Priya Nair,Midwest,Sports & Outdoors,5,361.61,1808.05
1102,2024-06-03,5002,Riverbend Trading,Marcus Reed,Southeast,Electronics,8,410.88,3287.04
1103,2024-06-05,5011,Northgate Outfitters,Dana Olsen,Northeast,Beauty,1,33.23,33.23
1104,2024-06-06,5001,Summit Supply Co.,Dana Olsen,Northeast,Electronics,4,409.9,1639.6
1105,2024-06-08,5014,Willow Creek Goods,Sofia Russo,West,Home & Kitchen,6,210.94,1265.64
1106,2024-06-08,5026,Clearwater Retail,Dana Olsen,Northeast,Sports & Outdoors,4,285.5,1142.0
1107,2024-06-09,5036,Juniper Hill Trading,Dana Olsen,Northeast,Home & Kitchen,2,15.76,31.52
1108,2024-06-10,5031,Timberline Supply,Dana Olsen,Northeast,Office Supplies,9,19.16,172.44
1109,2024-06-10,5001,Summit Supply Co.,Dana Olsen,Northeast,Home & Kitchen,7,298.77,2091.39
1110,2024-06-10,5007,Maple Ridge Distributors,Marcus Reed,Southeast,Home & Kitchen,1,226.12,226.12
1111,2024-06-12,5016,Copper Canyon Retail,Dana Olsen,Northeast,Beauty,7,74.57,521.99
1112,2024-06-12,5031,Timberline Supply,Dana Olsen,Northeast,Home & Kitchen,5,189.23,946.15
1113,2024-06-16,5023,Crossroads Trading,Priya Nair,Midwest,Home & Kitchen,4,120.98,483.92
1114,2024-06-19,5031,Timberline Supply,Dana Olsen,Northeast,Apparel,1,87.4,87.4
1115,2024-06-21,5011,Northgate Outfitters,Dana Olsen,Northeast,Apparel,1,155.55,155.55
1116,2024-06-22,5003,Oakline Wholesale,Priya Nair,Midwest,Office Supplies,3,23.44,70.32
1117,2024-06-26,5032,Coral Bay Imports,Marcus Reed,Southeast,Home & Kitchen,6,68.32,409.92
1118,2024-06-28,5012,Stonebridge Supply,Marcus Reed,Southeast,Apparel,2,86.63,173.26
1119,2024-07-01,5007,Maple Ridge Distributors,Marcus Reed,Southeast,Apparel,3,132.12,396.36
1120,2024-07-01,5021,Meadowbrook Goods,Dana Olsen,Northeast,Apparel,2,78.22,156.44
1121,2024-07-02,5007,Maple Ridge Distributors,Marcus Reed,Southeast,Home & Kitchen,3,69.7,209.1
1122,2024-07-03,5021,Meadowbrook Goods,Dana Olsen,Northeast,Electronics,2,447.27,894.54
1123,2024-07-10,5017,Fairview Wholesale,Marcus Reed,Southeast,Toys & Games,6,37.5,225.0
1124,2024-07-13,5028,Foxglove Trading,Priya Nair,Midwest,Beauty,3,83.75,251.25
1125,2024-07-16,5035,Sterling Gate Retail,Kofi Mensah,Southwest,Home & Kitchen,2,76.67,153.34
1126,2024-07-16,5028,Foxglove Trading,Priya Nair,Midwest,Office Supplies,10,37.09,370.9
1127,2024-07-17,5029,Anchor & Oak,Sofia Russo,West,Apparel,2,64.97,129.94
1128,2024-07-21,5035,Sterling Gate Retail,Kofi Mensah,Southwest,Office Supplies,1,15.32,15.32
1129,2024-07-24,5012,Stonebridge Supply,Marcus Reed,Southeast,Sports & Outdoors,4,130.75,523.0
1130,2024-07-24,5030,Vista Wholesale,Kofi Mensah,Southwest,Sports & Outdoors,1,347.71,347.71
1131,2024-07-25,5027,Granite Peak Goods,Marcus Reed,Southeast,Home & Kitchen,2,26.23,52.46
1132,2024-07-29,5036,Juniper Hill Trading,Dana Olsen,Northeast,Beauty,6,24.14,144.84
1133,2024-07-29,5028,Foxglove Trading,Priya Nair,Midwest,Office Supplies,1,56.14,56.14
1134,2024-08-08,5015,Pioneer Trading Co.,Kofi Mensah,Southwest,Sports & Outdoors,2,334.42,668.84
1135,2024-08-08,5030,Vista Wholesale,Kofi Mensah,Southwest,Home & Kitchen,4,120.47,481.88
1136,2024-08-08,5004,Brightway Retail,Liam Chen,West,Sports & Outdoors,7,208.06,1456.42
1137,2024-08-10,5007,Maple Ridge Distributors,Marcus Reed,Southeast,Apparel,4,35.15,140.6
1138,2024-08-10,5019,Redwood Logistics,Sofia Russo,West,Office Supplies,4,14.08,56.32
1139,2024-08-11,5034,Brookstone Distributors,Sofia Russo,West,Beauty,3,14.59,43.77
1140,2024-08-12,5025,Bayside Provisions,Kofi Mensah,Southwest,Apparel,1,198.41,198.41
1141,2024-08-15,5026,Clearwater Retail,Dana Olsen,Northeast,Office Supplies,3,51.9,155.7
1142,2024-08-18,5034,Brookstone Distributors,Sofia Russo,West,Apparel,1,26.83,26.83
1143,2024-08-19,5006,Harbor Point Goods,Dana Olsen,Northeast,Electronics,2,533.91,1067.82
1144,2024-08-23,5001,Summit Supply Co.,Dana Olsen,Northeast,Office Supplies,1,51.96,51.96
1145,2024-08-23,5023,Crossroads Trading,Priya Nair,Midwest,Toys & Games,1,104.52,104.52
1146,2024-08-27,5006,Harbor Point Goods,Dana Olsen,Northeast,Electronics,1,319.03,319.03
1147,2024-08-30,5023,Crossroads Trading,Priya Nair,Midwest,Home & Kitchen,5,190.6,953.0
1148,2024-08-30,5023,Crossroads Trading,Priya Nair,Midwest,Office Supplies,8,57.24,457.92
1149,2024-08-31,5002,Riverbend Trading,Marcus Reed,Southeast,Sports & Outdoors,4,39.91,159.64
1150,2024-09-01,5009,Sunset Mercantile,Sofia Russo,West,Toys & Games,5,43.41,217.05
1151,2024-09-01,5005,Cedar & Co.,Kofi Mensah,Southwest,Home & Kitchen,2,92.44,184.88
1152,2024-09-01,5006,Harbor Point Goods,Dana Olsen,Northeast,Electronics,3,587.78,1763.34
1153,2024-09-02,5034,Brookstone Distributors,Liam Chen,West,Office Supplies,1,21.7,21.7
1154,2024-09-04,5029,Anchor & Oak,Liam Chen,West,Apparel,3,101.22,303.66
1155,2024-09-05,5011,Northgate Outfitters,Dana Olsen,Northeast,Home & Kitchen,2,54.57,109.14
1156,2024-09-05,5018,Beacon Street Supply,Priya Nair,Midwest,Sports & Outdoors,3,63.28,189.84
1157,2024-09-06,5036,Juniper Hill Trading,Dana Olsen,Northeast,Sports & Outdoors,9,232.74,2094.66
1158,2024-09-08,5022,Highland Mercantile,Marcus Reed,Southeast,Apparel,9,166.46,1498.14
1159,2024-09-08,5027,Granite Peak Goods,Marcus Reed,Southeast,Home & Kitchen,3,169.34,508.02
1160,2024-09-10,5002,Riverbend Trading,Marcus Reed,Southeast,Home & Kitchen,4,50.97,203.88
1161,2024-09-11,5007,Maple Ridge Distributors,Marcus Reed,Southeast,Apparel,2,19.28,38.56
1162,2024-09-11,5023,Crossroads Trading,Priya Nair,Midwest,Home & Kitchen,3,44.27,132.81
1163,2024-09-11,5022,Highland Mercantile,Marcus Reed,Southeast,Toys & Games,1,98.14,98.14
1164,2024-09-12,5007,Maple Ridge Distributors,Marcus Reed,Southeast,Electronics,6,93.39,560.34
1165,2024-09-21,5029,Anchor & Oak,Sofia Russo,West,Toys & Games,2,43.44,86.88
1166,2024-09-28,5026,Clearwater Retail,Dana Olsen,Northeast,Apparel,4,73.77,295.08
1167,2024-09-28,5027,Granite Peak Goods,Marcus Reed,Southeast,Toys & Games,3,107.57,322.71
1168,2024-09-30,5018,Beacon Street Supply,Priya Nair,Midwest,Sports & Outdoors,1,153.39,153.39
1169,2024-10-01,5016,Copper Canyon Retail,Dana Olsen,Northeast,Sports & Outdoors,1,355.02,355.02
1170,2024-10-03,5035,Sterling Gate Retail,Kofi Mensah,Southwest,Toys & Games,4,56.78,227.12
1171,2024-10-07,5030,Vista Wholesale,Kofi Mensah,Southwest,Office Supplies,4,74.15,296.6
1172,2024-10-08,5019,Redwood Logistics,Liam Chen,West,Apparel,4,97.98,391.92
1173,2024-10-09,5034,Brookstone Distributors,Liam Chen,West,Electronics,2,350.32,700.64
1174,2024-10-10,5018,Beacon Street Supply,Priya Nair,Midwest,Office Supplies,7,58.04,406.28
1175,2024-10-12,5033,Hollow Pine Goods,Priya Nair,Midwest,Office Supplies,3,78.57,235.71
1176,2024-10-17,5022,Highland Mercantile,Marcus Reed,Southeast,Apparel,1,190.98,190.98
1177,2024-10-17,5010,Greenfield Provisions,Kofi Mensah,Southwest,Electronics,1,732.67,732.67
1178,2024-10-19,5004,Brightway Retail,Sofia Russo,West,Sports & Outdoors,2,67.3,134.6
1179,2024-10-22,5030,Vista Wholesale,Kofi Mensah,Southwest,Office Supplies,1,34.59,34.59
1180,2024-10-22,5026,Clearwater Retail,Dana Olsen,Northeast,Toys & Games,1,17.86,17.86
1181,2024-10-22,5033,Hollow Pine Goods,Priya Nair,Midwest,Apparel,6,115.37,692.22
1182,2024-10-24,5021,Meadowbrook Goods,Dana Olsen,Northeast,Office Supplies,6,12.81,76.86
1183,2024-10-25,5018,Beacon Street Supply,Priya Nair,Midwest,Apparel,2,102.71,205.42
1184,2024-10-29,5013,Lakeshore Imports,Priya Nair,Midwest,Office Supplies,4,75.47,301.88
1185,2024-10-29,5027,Granite Peak Goods,Marcus Reed,Southeast,Toys & Games,3,90.51,271.53
1186,2024-10-30,5012,Stonebridge Supply,Marcus Reed,Southeast,Electronics,1,872.98,872.98
1187,2024-10-30,5004,Brightway Retail,Liam Chen,West,Apparel,1,44.84,44.84
1188,2024-11-01,5020,Silverline Distributors,Kofi Mensah,Southwest,Office Supplies,4,19.75,79.0
1189,2024-11-01,5034,Brookstone Distributors,Liam Chen,West,Electronics,5,982.08,4910.4
1190,2024-11-02,5033,Hollow Pine Goods,Priya Nair,Midwest,Office Supplies,2,46.78,93.56
1191,2024-11-04,5001,Summit Supply Co.,Dana Olsen,Northeast,Sports & Outdoors,5,99.87,499.35
1192,2024-11-05,5008,Ironclad Hardware,Priya Nair,Midwest,Electronics,2,1139.81,2279.62
1193,2024-11-05,5001,Summit Supply Co.,Dana Olsen,Northeast,Office Supplies,1,31.33,31.33
1194,2024-11-06,5004,Brightway Retail,Sofia Russo,West,Beauty,2,12.23,24.46
1195,2024-11-07,5016,Copper Canyon Retail,Dana Olsen,Northeast,Sports & Outdoors,2,244.84,489.68
1196,2024-11-08,5024,Evergreen Supply Co.,Liam Chen,West,Beauty,3,38.63,115.89
1197,2024-11-08,5018,Beacon Street Supply,Priya Nair,Midwest,Toys & Games,2,103.38,206.76
1198,2024-11-09,5024,Evergreen Supply Co.,Sofia Russo,West,Beauty,2,50.6,101.2
1199,2024-11-09,5003,Oakline Wholesale,Priya Nair,Midwest,Sports & Outdoors,3,193.25,579.75
1200,2024-11-10,5016,Copper Canyon Retail,Dana Olsen,Northeast,Electronics,5,899.74,4498.7
1201,2024-11-10,5034,Brookstone Distributors,Liam Chen,West,Toys & Games,1,63.11,63.11
1202,2024-11-11,5018,Beacon Street Supply,Priya Nair,Midwest,Home & Kitchen,2,39.88,79.76
1203,2024-11-12,5012,Stonebridge Supply,Marcus Reed,Southeast,Electronics,4,872.85,3491.4
1204,2024-11-13,5013,Lakeshore Imports,Priya Nair,Midwest,Electronics,10,131.76,1317.6
1205,2024-11-13,5035,Sterling Gate Retail,Kofi Mensah,Southwest,Sports & Outdoors,3,33.92,101.76
1206,2024-11-14,5036,Juniper Hill Trading,Dana Olsen,Northeast,Electronics,2,493.19,986.38
1207,2024-11-15,5025,Bayside Provisions,Kofi Mensah,Southwest,Office Supplies,3,19.07,57.21
1208,2024-11-18,5032,Coral Bay Imports,Marcus Reed,Southeast,Office Supplies,1,38.87,38.87
1209,2024-11-18,5014,Willow Creek Goods,Liam Chen,West,Apparel,6,166.29,997.74
1210,2024-11-20,5036,Juniper Hill Trading,Dana Olsen,Northeast,Sports & Outdoors,4,66.31,265.24
1211,2024-11-21,5022,Highland Mercantile,Marcus Reed,Southeast,Office Supplies,3,48.4,145.2
1212,2024-11-22,5023,Crossroads Trading,Priya Nair,Midwest,Home & Kitchen,3,231.79,695.37
1213,2024-11-22,5027,Granite Peak Goods,Marcus Reed,Southeast,Sports & Outdoors,5,163.05,815.25
1214,2024-11-23,5005,Cedar & Co.,Kofi Mensah,Southwest,Sports & Outdoors,4,343.52,1374.08
1215,2024-11-24,5004,Brightway Retail,Liam Chen,West,Office Supplies,3,47.63,142.89
1216,2024-11-24,5027,Granite Peak Goods,Marcus Reed,Southeast,Home & Kitchen,7,140.89,986.23
1217,2024-11-25,5034,Brookstone Distributors,Liam Chen,West,Electronics,3,837.96,2513.88
1218,2024-11-27,5010,Greenfield Provisions,Kofi Mensah,Southwest,Apparel,3,32.85,98.55
1219,2024-11-29,5008,Ironclad Hardware,Priya Nair,Midwest,Office Supplies,3,69.56,208.68
1220,2024-11-30,5012,Stonebridge Supply,Marcus Reed,Southeast,Home & Kitchen,6,239.16,1434.96
1221,2024-11-30,5018,Beacon Street Supply,Priya Nair,Midwest,Electronics,1,1136.78,1136.78
1222,2024-12-01,5015,Pioneer Trading Co.,Kofi Mensah,Southwest,Office Supplies,7,66.61,466.27
1223,2024-12-01,5032,Coral Bay Imports,Marcus Reed,Southeast,Home & Kitchen,3,51.82,155.46
1224,2024-12-01,5021,Meadowbrook Goods,Dana Olsen,Northeast,Apparel,10,41.96,419.6
1225,2024-12-02,5001,Summit Supply Co.,Dana Olsen,Northeast,Apparel,10,197.0,1970.0
1226,2024-12-03,5028,Foxglove Trading,Priya Nair,Midwest,Sports & Outdoors,8,141.85,1134.8
1227,2024-12-04,5007,Maple Ridge Distributors,Marcus Reed,Southeast,Electronics,9,1160.26,10442.34
1228,2024-12-05,5007,Maple Ridge Distributors,Marcus Reed,Southeast,Home & Kitchen,6,75.25,451.5
1229,2024-12-05,5028,Foxglove Trading,Priya Nair,Midwest,Electronics,1,190.44,190.44
1230,2024-12-05,5019,Redwood Logistics,Sofia Russo,West,Apparel,1,34.14,34.14
1231,2024-12-05,5031,Timberline Supply,Dana Olsen,Northeast,Office Supplies,1,38.39,38.39
1232,2024-12-05,5019,Redwood Logistics,Liam Chen,West,Apparel,2,128.24,256.48
1233,2024-12-05,5005,Cedar & Co.,Kofi Mensah,Southwest,Home & Kitchen,3,241.35,724.05
1234,2024-12-06,5023,Crossroads Trading,Priya Nair,Midwest,Apparel,6,132.85,797.1
1235,2024-12-07,5005,Cedar & Co.,Kofi Mensah,Southwest,Beauty,7,48.84,341.88
1236,2024-12-09,5017,Fairview Wholesale,Marcus Reed,Southeast,Home & Kitchen,2,212.56,425.12
1237,2024-12-09,5015,Pioneer Trading Co.,Kofi Mensah,Southwest,Home & Kitchen,2,227.1,454.2
1238,2024-12-12,5030,Vista Wholesale,Kofi Mensah,Southwest,Home & Kitchen,1,229.93,229.93
1239,2024-12-14,5014,Willow Creek Goods,Sofia Russo,West,Electronics,1,183.88,183.88
1240,2024-12-15,5032,Coral Bay Imports,Marcus Reed,Southeast,Home & Kitchen,1,299.99,299.99
1241,2024-12-16,5017,Fairview Wholesale,Marcus Reed,Southeast,Home & Kitchen,1,287.84,287.84
1242,2024-12-17,5015,Pioneer Trading Co.,Kofi Mensah,Southwest,Office Supplies,2,31.25,62.5
1243,2024-12-18,5003,Oakline Wholesale,Priya Nair,Midwest,Beauty,8,16.49,131.92
1244,2024-12-18,5033,Hollow Pine Goods,Priya Nair,Midwest,Toys & Games,1,38.29,38.29
1245,2024-12-18,5017,Fairview Wholesale,Marcus Reed,Southeast,Office Supplies,3,40.9,122.7
1246,2024-12-18,5017,Fairview Wholesale,Marcus Reed,Southeast,Sports & Outdoors,1,30.43,30.43
1247,2024-12-20,5025,Bayside Provisions,Kofi Mensah,Southwest,Apparel,7,167.37,1171.59
1248,2024-12-21,5024,Evergreen Supply Co.,Liam Chen,West,Beauty,1,60.39,60.39
1249,2024-12-21,5011,Northgate Outfitters,Dana Olsen,Northeast,Apparel,3,145.29,435.87
1250,2024-12-23,5016,Copper Canyon Retail,Dana Olsen,Northeast,Sports & Outdoors,6,79.94,479.64
1251,2024-12-23,5010,Greenfield Provisions,Kofi Mensah,Southwest,Electronics,1,244.02,244.02
1252,2024-12-23,5027,Granite Peak Goods,Marcus Reed,Southeast,Toys & Games,1,64.22,64.22
1253,2024-12-24,5026,Clearwater Retail,Dana Olsen,Northeast,Beauty,1,65.54,65.54
1254,2024-12-25,5021,Meadowbrook Goods,Dana Olsen,Northeast,Home & Kitchen,1,93.94,93.94
1255,2024-12-26,5013,Lakeshore Imports,Priya Nair,Midwest,Office Supplies,5,61.42,307.1
1256,2024-12-27,5028,Foxglove Trading,Priya Nair,Midwest,Office Supplies,8,78.48,627.84
1257,2024-12-28,5026,Clearwater Retail,Dana Olsen,Northeast,Sports & Outdoors,2,384.53,769.06
1258,2024-12-28,5012,Stonebridge Supply,Marcus Reed,Southeast,Sports & Outdoors,1,189.48,189.48
1259,2024-12-30,5004,Brightway Retail,Sofia Russo,West,Sports & Outdoors,1,331.63,331.63
1260,2024-12-31,5023,Crossroads Trading,Priya Nair,Midwest,Office Supplies,1,53.94,53.94
1261,2024-12-31,5016,Copper Canyon Retail,Dana Olsen,Northeast,Sports & Outdoors,7,255.42,1787.94
1262,2025-01-09,5018,Beacon Street Supply,Priya Nair,Midwest,Sports & Outdoors,8,367.34,2938.72
1263,2025-01-10,5003,Oakline Wholesale,Priya Nair,Midwest,Beauty,2,24.36,48.72
1264,2025-01-11,5023,Crossroads Trading,Priya Nair,Midwest,Toys & Games,9,38.9,350.1
1265,2025-01-12,5008,Ironclad Hardware,Priya Nair,Midwest,Sports & Outdoors,1,61.08,61.08
1266,2025-01-14,5013,Lakeshore Imports,Priya Nair,Midwest,Sports & Outdoors,3,163.32,489.96
1267,2025-01-15,5015,Pioneer Trading Co.,Kofi Mensah,Southwest,Electronics,8,773.89,6191.12
1268,2025-01-15,5007,Maple Ridge Distributors,Marcus Reed,Southeast,Sports & Outdoors,1,51.87,51.87
1269,2025-01-16,5020,Silverline Distributors,Kofi Mensah,Southwest,Sports & Outdoors,6,340.28,2041.68
1270,2025-01-18,5019,Redwood Logistics,Sofia Russo,West,Office Supplies,1,12.22,12.22
1271,2025-01-19,5005,Cedar & Co.,Kofi Mensah,Southwest,Sports & Outdoors,3,245.73,737.19
1272,2025-01-21,5021,Meadowbrook Goods,Dana Olsen,Northeast,Office Supplies,2,22.15,44.3
1273,2025-01-21,5031,Timberline Supply,Dana Olsen,Northeast,Beauty,8,48.56,388.48
1274,2025-01-22,5019,Redwood Logistics,Liam Chen,West,Home & Kitchen,8,222.72,1781.76
1275,2025-01-22,5016,Copper Canyon Retail,Dana Olsen,Northeast,Toys & Games,3,57.75,173.25
1276,2025-01-23,5036,Juniper Hill Trading,Dana Olsen,Northeast,Office Supplies,5,28.65,143.25
1277,2025-01-23,5025,Bayside Provisions,Kofi Mensah,Southwest,Apparel,2,159.6,319.2
1278,2025-01-23,5027,Granite Peak Goods,Marcus Reed,Southeast,Apparel,1,27.4,27.4
1279,2025-01-24,5024,Evergreen Supply Co.,Liam Chen,West,Sports & Outdoors,4,155.0,620.0
1280,2025-01-24,5016,Copper Canyon Retail,Dana Olsen,Northeast,Beauty,1,85.65,85.65
1281,2025-01-24,5023,Crossroads Trading,Priya Nair,Midwest,Sports & Outdoors,7,156.66,1096.62
1282,2025-01-24,5019,Redwood Logistics,Liam Chen,West,Office Supplies,1,9.59,9.59
1283,2025-01-25,5027,Granite Peak Goods,Marcus Reed,Southeast,Apparel,1,172.6,172.6
1284,2025-01-26,5025,Bayside Provisions,Kofi Mensah,Southwest,Electronics,4,844.66,3378.64
1285,2025-01-30,5012,Stonebridge Supply,Marcus Reed,Southeast,Office Supplies,8,41.81,334.48
1286,2025-01-30,5019,Redwood Logistics,Liam Chen,West,Beauty,2,75.06,150.12
1287,2025-02-05,5004,Brightway Retail,Liam Chen,West,Toys & Games,1,51.22,51.22
1288,2025-02-11,5033,Hollow Pine Goods,Priya Nair,Midwest,Toys & Games,1,86.6,86.6
1289,2025-02-14,5004,Brightway Retail,Liam Chen,West,Home & Kitchen,8,246.18,1969.44
1290,2025-02-15,5003,Oakline Wholesale,Priya Nair,Midwest,Home & Kitchen,5,218.37,1091.85
1291,2025-02-16,5026,Clearwater Retail,Dana Olsen,Northeast,Beauty,2,53.19,106.38
1292,2025-02-17,5015,Pioneer Trading Co.,Kofi Mensah,Southwest,Home & Kitchen,3,224.21,672.63
1293,2025-02-19,5011,Northgate Outfitters,Dana Olsen,Northeast,Home & Kitchen,4,256.87,1027.48
1294,2025-02-23,5013,Lakeshore Imports,Priya Nair,Midwest,Electronics,2,1121.84,2243.68
1295,2025-02-24,5031,Timberline Supply,Dana Olsen,Northeast,Toys & Games,5,118.7,593.5
1296,2025-03-01,5026,Clearwater Retail,Dana Olsen,Northeast,Sports & Outdoors,1,104.06,104.06
1297,2025-03-02,5009,Sunset Mercantile,Sofia Russo,West,Home & Kitchen,2,87.67,175.34
1298,2025-03-02,5008,Ironclad Hardware,Priya Nair,Midwest,Toys & Games,1,86.61,86.61
1299,2025-03-05,5035,Sterling Gate Retail,Kofi Mensah,Southwest,Toys & Games,2,32.58,65.16
1300,2025-03-08,5025,Bayside Provisions,Kofi Mensah,Southwest,Beauty,3,89.67,269.01
1301,2025-03-13,5008,Ironclad Hardware,Priya Nair,Midwest,Office Supplies,3,72.7,218.1
1302,2025-03-13,5004,Brightway Retail,Sofia Russo,West,Office Supplies,5,55.02,275.1
1303,2025-03-14,5021,Meadowbrook Goods,Dana Olsen,Northeast,Apparel,4,53.65,214.6
1304,2025-03-20,5007,Maple Ridge Distributors,Marcus Reed,Southeast,Home & Kitchen,2,292.7,585.4
1305,2025-03-24,5005,Cedar & Co.,Kofi Mensah,Southwest,Apparel,2,133.29,266.58
1306,2025-03-26,5030,Vista Wholesale,Kofi Mensah,Southwest,Sports & Outdoors,2,250.53,501.06
1307,2025-03-29,5033,Hollow Pine Goods,Priya Nair,Midwest,Apparel,2,182.49,364.98
1308,2025-03-29,5028,Foxglove Trading,Priya Nair,Midwest,Beauty,3,58.17,174.51
1309,2025-03-30,5006,Harbor Point Goods,Dana Olsen,Northeast,Apparel,2,155.08,310.16
1310,2025-04-01,5028,Foxglove Trading,Priya Nair,Midwest,Office Supplies,2,37.74,75.48
1311,2025-04-02,5032,Coral Bay Imports,Marcus Reed,Southeast,Electronics,1,531.85,531.85
1312,2025-04-04,5016,Copper Canyon Retail,Dana Olsen,Northeast,Apparel,7,159.46,1116.22
1313,2025-04-04,5005,Cedar & Co.,Kofi Mensah,Southwest,Home & Kitchen,1,224.5,224.5
1314,2025-04-05,5025,Bayside Provisions,Kofi Mensah,Southwest,Office Supplies,1,20.32,20.32
1315,2025-04-06,5023,Crossroads Trading,Priya Nair,Midwest,Toys & Games,3,28.8,86.4
1316,2025-04-07,5029,Anchor & Oak,Liam Chen,West,Apparel,6,140.2,841.2
1317,2025-04-08,5036,Juniper Hill Trading,Dana Olsen,Northeast,Office Supplies,2,53.18,106.36
1318,2025-04-09,5015,Pioneer Trading Co.,Kofi Mensah,Southwest,Apparel,3,160.75,482.25
1319,2025-04-09,5028,Foxglove Trading,Priya Nair,Midwest,Apparel,6,143.93,863.58
1320,2025-04-10,5014,Willow Creek Goods,Liam Chen,West,Electronics,1,961.21,961.21
1321,2025-04-12,5025,Bayside Provisions,Kofi Mensah,Southwest,Beauty,6,48.69,292.14
1322,2025-04-12,5010,Greenfield Provisions,Kofi Mensah,Southwest,Apparel,1,135.1,135.1
1323,2025-04-13,5013,Lakeshore Imports,Priya Nair,Midwest,Apparel,1,49.5,49.5
1324,2025-04-13,5020,Silverline Distributors,Kofi Mensah,Southwest,Office Supplies,1,14.18,14.18
1325,2025-04-16,5015,Pioneer Trading Co.,Kofi Mensah,Southwest,Electronics,2,819.24,1638.48
1326,2025-04-16,5023,Crossroads Trading,Priya Nair,Midwest,Home & Kitchen,2,220.29,440.58
1327,2025-04-17,5017,Fairview Wholesale,Marcus Reed,Southeast,Sports & Outdoors,2,100.43,200.86
1328,2025-04-20,5025,Bayside Provisions,Kofi Mensah,Southwest,Electronics,2,633.62,1267.24
1329,2025-04-22,5031,Timberline Supply,Dana Olsen,Northeast,Home & Kitchen,2,120.65,241.3
1330,2025-04-23,5020,Silverline Distributors,Kofi Mensah,Southwest,Electronics,2,180.85,361.7
1331,2025-04-25,5022,Highland Mercantile,Marcus Reed,Southeast,Electronics,6,362.78,2176.68
1332,2025-04-25,5001,Summit Supply Co.,Dana Olsen,Northeast,Electronics,6,366.63,2199.78
1333,2025-04-26,5029,Anchor & Oak,Sofia Russo,West,Home & Kitchen,2,299.13,598.26
1334,2025-04-26,5022,Highland Mercantile,Marcus Reed,Southeast,Office Supplies,1,11.95,11.95
1335,2025-04-28,5027,Granite Peak Goods,Marcus Reed,Southeast,Apparel,3,37.46,112.38
1336,2025-04-29,5015,Pioneer Trading Co.,Kofi Mensah,Southwest,Apparel,5,145.02,725.1
1337,2025-04-30,5006,Harbor Point Goods,Dana Olsen,Northeast,Toys & Games,4,18.82,75.28
1338,2025-05-01,5016,Copper Canyon Retail,Dana Olsen,Northeast,Apparel,2,158.2,316.4
1339,2025-05-02,5001,Summit Supply Co.,Dana Olsen,Northeast,Electronics,2,639.84,1279.68
1340,2025-05-03,5016,Copper Canyon Retail,Dana Olsen,Northeast,Sports & Outdoors,2,165.76,331.52
1341,2025-05-04,5025,Bayside Provisions,Kofi Mensah,Southwest,Office Supplies,1,65.25,65.25
1342,2025-05-05,5035,Sterling Gate Retail,Kofi Mensah,Southwest,Beauty,1,64.48,64.48
1343,2025-05-07,5001,Summit Supply Co.,Dana Olsen,Northeast,Office Supplies,1,10.76,10.76
1344,2025-05-09,5025,Bayside Provisions,Kofi Mensah,Southwest,Beauty,4,30.85,123.4
1345,2025-05-09,5026,Clearwater Retail,Dana Olsen,Northeast,Toys & Games,1,16.17,16.17
1346,2025-05-11,5016,Copper Canyon Retail,Dana Olsen,Northeast,Sports & Outdoors,3,229.32,687.96
1347,2025-05-13,5012,Stonebridge Supply,Marcus Reed,Southeast,Home & Kitchen,5,204.68,1023.4
1348,2025-05-14,5017,Fairview Wholesale,Marcus Reed,Southeast,Sports & Outdoors,4,354.52,1418.08
1349,2025-05-18,5022,Highland Mercantile,Marcus Reed,Southeast,Electronics,3,647.76,1943.28
1350,2025-05-19,5016,Copper Canyon Retail,Dana Olsen,Northeast,Toys & Games,4,58.81,235.24
1351,2025-05-19,5011,Northgate Outfitters,Dana Olsen,Northeast,Sports & Outdoors,2,180.02,360.04
1352,2025-05-21,5019,Redwood Logistics,Sofia Russo,West,Beauty,3,54.55,163.65
1353,2025-05-22,5008,Ironclad Hardware,Priya Nair,Midwest,Sports & Outdoors,6,314.54,1887.24
1354,2025-05-23,5024,Evergreen Supply Co.,Liam Chen,West,Toys & Games,1,104.25,104.25
1355,2025-05-25,5004,Brightway Retail,Sofia Russo,West,Apparel,8,122.0,976.0
1356,2025-05-29,5020,Silverline Distributors,Kofi Mensah,Southwest,Sports & Outdoors,2,310.8,621.6
1357,2025-06-01,5004,Brightway Retail,Liam Chen,West,Office Supplies,1,36.19,36.19
1358,2025-06-03,5025,Bayside Provisions,Kofi Mensah,Southwest,Electronics,10,791.95,7919.5
1359,2025-06-04,5003,Oakline Wholesale,Priya Nair,Midwest,Office Supplies,3,18.63,55.89
1360,2025-06-05,5004,Brightway Retail,Liam Chen,West,Home & Kitchen,5,193.82,969.1
1361,2025-06-07,5007,Maple Ridge Distributors,Marcus Reed,Southeast,Office Supplies,10,21.57,215.7
1362,2025-06-08,5036,Juniper Hill Trading,Dana Olsen,Northeast,Office Supplies,3,60.0,180.0
1363,2025-06-13,5016,Copper Canyon Retail,Dana Olsen,Northeast,Electronics,3,458.66,1375.98
1364,2025-06-14,5036,Juniper Hill Trading,Dana Olsen,Northeast,Apparel,1,34.82,34.82
1365,2025-06-15,5006,Harbor Point Goods,Dana Olsen,Northeast,Electronics,10,562.28,5622.8
1366,2025-06-15,5033,Hollow Pine Goods,Priya Nair,Midwest,Sports & Outdoors,2,373.92,747.84
1367,2025-06-15,5021,Meadowbrook Goods,Dana Olsen,Northeast,Beauty,9,37.65,338.85
1368,2025-06-15,5015,Pioneer Trading Co.,Kofi Mensah,Southwest,Sports & Outdoors,5,168.63,843.15
1369,2025-06-16,5014,Willow Creek Goods,Sofia Russo,West,Electronics,2,1086.76,2173.52
1370,2025-06-17,5002,Riverbend Trading,Marcus Reed,Southeast,Toys & Games,2,102.9,205.8
1371,2025-06-17,5020,Silverline Distributors,Kofi Mensah,Southwest,Electronics,3,703.52,2110.56
1372,2025-06-17,5031,Timberline Supply,Dana Olsen,Northeast,Toys & Games,2,88.86,177.72
1373,2025-06-20,5009,Sunset Mercantile,Sofia Russo,West,Sports & Outdoors,1,93.27,93.27
1374,2025-06-20,5009,Sunset Mercantile,Sofia Russo,West,Toys & Games,1,48.24,48.24
1375,2025-06-22,5005,Cedar & Co.,Kofi Mensah,Southwest,Toys & Games,3,95.14,285.42
1376,2025-06-22,5035,Sterling Gate Retail,Kofi Mensah,Southwest,Toys & Games,2,95.57,191.14
1377,2025-06-24,5011,Northgate Outfitters,Dana Olsen,Northeast,Apparel,6,125.68,754.08
1378,2025-06-27,5033,Hollow Pine Goods,Priya Nair,Midwest,Apparel,3,46.94,140.82
1379,2025-06-27,5012,Stonebridge Supply,Marcus Reed,Southeast,Home & Kitchen,6,37.51,225.06
1380,2025-06-30,5021,Meadowbrook Goods,Dana Olsen,Northeast,Apparel,3,113.71,341.13
1381,2025-07-02,5014,Willow Creek Goods,Sofia Russo,West,Sports & Outdoors,6,196.07,1176.42
1382,2025-07-03,5024,Evergreen Supply Co.,Sofia Russo,West,Beauty,3,38.01,114.03
1383,2025-07-03,5010,Greenfield Provisions,Kofi Mensah,Southwest,Electronics,3,427.1,1281.3
1384,2025-07-05,5028,Foxglove Trading,Priya Nair,Midwest,Sports & Outdoors,10,103.34,1033.4
1385,2025-07-06,5023,Crossroads Trading,Priya Nair,Midwest,Office Supplies,9,9.21,82.89
1386,2025-07-06,5006,Harbor Point Goods,Dana Olsen,Northeast,Toys & Games,3,90.27,270.81
1387,2025-07-06,5023,Crossroads Trading,Priya Nair,Midwest,Home & Kitchen,2,297.96,595.92
1388,2025-07-06,5004,Brightway Retail,Liam Chen,West,Beauty,1,89.45,89.45
1389,2025-07-07,5010,Greenfield Provisions,Kofi Mensah,Southwest,Toys & Games,4,85.72,342.88
1390,2025-07-07,5012,Stonebridge Supply,Marcus Reed,Southeast,Office Supplies,1,69.85,69.85
1391,2025-07-07,5019,Redwood Logistics,Sofia Russo,West,Home & Kitchen,2,42.34,84.68
1392,2025-07-09,5021,Meadowbrook Goods,Dana Olsen,Northeast,Electronics,3,734.28,2202.84
1393,2025-07-09,5004,Brightway Retail,Liam Chen,West,Beauty,5,36.39,181.95
1394,2025-07-11,5025,Bayside Provisions,Kofi Mensah,Southwest,Home & Kitchen,1,146.28,146.28
1395,2025-07-12,5028,Foxglove Trading,Priya Nair,Midwest,Electronics,1,184.94,184.94
1396,2025-07-12,5010,Greenfield Provisions,Kofi Mensah,Southwest,Office Supplies,9,71.41,642.69
1397,2025-07-13,5031,Timberline Supply,Dana Olsen,Northeast,Home & Kitchen,5,143.62,718.1
1398,2025-07-14,5007,Maple Ridge Distributors,Marcus Reed,Southeast,Home & Kitchen,6,155.34,932.04
1399,2025-07-16,5034,Brookstone Distributors,Sofia Russo,West,Home & Kitchen,5,279.74,1398.7
1400,2025-07-16,5006,Harbor Point Goods,Dana Olsen,Northeast,Beauty,4,53.24,212.96
1401,2025-07-16,5036,Juniper Hill Trading,Dana Olsen,Northeast,Sports & Outdoors,1,275.24,275.24
1402,2025-07-17,5035,Sterling Gate Retail,Kofi Mensah,Southwest,Electronics,6,1117.53,6705.18
1403,2025-07-17,5030,Vista Wholesale,Kofi Mensah,Southwest,Sports & Outdoors,1,115.53,115.53
1404,2025-07-17,5030,Vista Wholesale,Kofi Mensah,Southwest,Toys & Games,6,97.34,584.04
1405,2025-07-18,5020,Silverline Distributors,Kofi Mensah,Southwest,Beauty,3,59.84,179.52
1406,2025-07-19,5018,Beacon Street Supply,Priya Nair,Midwest,Apparel,4,14.32,57.28
1407,2025-07-20,5009,Sunset Mercantile,Sofia Russo,West,Electronics,3,1057.45,3172.35
1408,2025-07-24,5027,Granite Peak Goods,Marcus Reed,Southeast,Electronics,3,180.37,541.11
1409,2025-07-25,5007,Maple Ridge Distributors,Marcus Reed,Southeast,Home & Kitchen,4,226.16,904.64
1410,2025-07-26,5022,Highland Mercantile,Marcus Reed,Southeast,Office Supplies,8,57.42,459.36
1411,2025-07-26,5014,Willow Creek Goods,Sofia Russo,West,Sports & Outdoors,1,383.67,383.67
1412,2025-07-29,5032,Coral Bay Imports,Marcus Reed,Southeast,Office Supplies,4,41.37,165.48
1413,2025-07-31,5036,Juniper Hill Trading,Dana Olsen,Northeast,Beauty,1,51.08,51.08
1414,2025-07-31,5013,Lakeshore Imports,Priya Nair,Midwest,Beauty,2,31.96,63.92
1415,2025-07-31,5007,Maple Ridge Distributors,Marcus Reed,Southeast,Office Supplies,3,30.13,90.39
1416,2025-08-03,5010,Greenfield Provisions,Kofi Mensah,Southwest,Sports & Outdoors,5,161.37,806.85
1417,2025-08-03,5003,Oakline Wholesale,Priya Nair,Midwest,Office Supplies,7,74.34,520.38
1418,2025-08-04,5009,Sunset Mercantile,Liam Chen,West,Sports & Outdoors,2,119.18,238.36
1419,2025-08-05,5035,Sterling Gate Retail,Kofi Mensah,Southwest,Apparel,10,100.55,1005.5
1420,2025-08-06,5018,Beacon Street Supply,Priya Nair,Midwest,Sports & Outdoors,2,392.02,784.04
1421,2025-08-07,5016,Copper Canyon Retail,Dana Olsen,Northeast,Apparel,1,88.53,88.53
1422,2025-08-07,5006,Harbor Point Goods,Dana Olsen,Northeast,Electronics,3,1147.81,3443.43
1423,2025-08-09,5033,Hollow Pine Goods,Priya Nair,Midwest,Home & Kitchen,5,289.39,1446.95
1424,2025-08-09,5003,Oakline Wholesale,Priya Nair,Midwest,Beauty,5,32.73,163.65
1425,2025-08-10,5024,Evergreen Supply Co.,Sofia Russo,West,Sports & Outdoors,1,266.83,266.83
1426,2025-08-10,5026,Clearwater Retail,Dana Olsen,Northeast,Electronics,2,508.66,1017.32
1427,2025-08-11,5010,Greenfield Provisions,Kofi Mensah,Southwest,Toys & Games,2,8.18,16.36
1428,2025-08-11,5021,Meadowbrook Goods,Dana Olsen,Northeast,Toys & Games,3,60.17,180.51
1429,2025-08-11,5012,Stonebridge Supply,Marcus Reed,Southeast,Office Supplies,7,44.84,313.88
1430,2025-08-12,5001,Summit Supply Co.,Dana Olsen,Northeast,Sports & Outdoors,6,306.32,1837.92
1431,2025-08-12,5021,Meadowbrook Goods,Dana Olsen,Northeast,Sports & Outdoors,10,352.98,3529.8
1432,2025-08-14,5004,Brightway Retail,Sofia Russo,West,Home & Kitchen,4,164.41,657.64
1433,2025-08-15,5028,Foxglove Trading,Priya Nair,Midwest,Office Supplies,10,8.85,88.5
1434,2025-08-17,5022,Highland Mercantile,Marcus Reed,Southeast,Apparel,1,174.39,174.39
1435,2025-08-19,5005,Cedar & Co.,Kofi Mensah,Southwest,Electronics,3,301.48,904.44
1436,2025-08-21,5007,Maple Ridge Distributors,Marcus Reed,Southeast,Toys & Games,2,60.2,120.4
1437,2025-08-24,5032,Coral Bay Imports,Marcus Reed,Southeast,Toys & Games,2,68.32,136.64
1438,2025-08-24,5027,Granite Peak Goods,Marcus Reed,Southeast,Toys & Games,3,24.76,74.28
1439,2025-08-26,5006,Harbor Point Goods,Dana Olsen,Northeast,Apparel,2,70.33,140.66
1440,2025-08-26,5004,Brightway Retail,Sofia Russo,West,Apparel,9,110.25,992.25
1441,2025-08-30,5029,Anchor & Oak,Liam Chen,West,Electronics,5,859.07,4295.35
1442,2025-08-31,5003,Oakline Wholesale,Priya Nair,Midwest,Sports & Outdoors,4,288.64,1154.56
1443,2025-09-03,5021,Meadowbrook Goods,Dana Olsen,Northeast,Electronics,2,406.87,813.74
1444,2025-09-03,5018,Beacon Street Supply,Priya Nair,Midwest,Apparel,3,198.41,595.23
1445,2025-09-06,5007,Maple Ridge Distributors,Marcus Reed,Southeast,Home & Kitchen,1,202.17,202.17
1446,2025-09-06,5007,Maple Ridge Distributors,Marcus Reed,Southeast,Home & Kitchen,2,63.69,127.38
1447,2025-09-06,5021,Meadowbrook Goods,Dana Olsen,Northeast,Office Supplies,2,5.93,11.86
1448,2025-09-08,5013,Lakeshore Imports,Priya Nair,Midwest,Home & Kitchen,1,143.02,143.02
1449,2025-09-08,5005,Cedar & Co.,Kofi Mensah,Southwest,Apparel,2,130.05,260.1
1450,2025-09-13,5030,Vista Wholesale,Kofi Mensah,Southwest,Toys & Games,3,83.67,251.01
1451,2025-09-13,5018,Beacon Street Supply,Priya Nair,Midwest,Apparel,2,108.32,216.64
1452,2025-09-14,5002,Riverbend Trading,Marcus Reed,Southeast,Home & Kitchen,3,162.56,487.68
1453,2025-09-15,5008,Ironclad Hardware,Priya Nair,Midwest,Home & Kitchen,1,100.83,100.83
1454,2025-09-18,5007,Maple Ridge Distributors,Marcus Reed,Southeast,Home & Kitchen,1,109.38,109.38
1455,2025-09-18,5009,Sunset Mercantile,Sofia Russo,West,Toys & Games,2,20.65,41.3
1456,2025-09-19,5011,Northgate Outfitters,Dana Olsen,Northeast,Apparel,1,105.22,105.22
1457,2025-09-20,5016,Copper Canyon Retail,Dana Olsen,Northeast,Toys & Games,3,54.14,162.42
1458,2025-09-20,5009,Sunset Mercantile,Sofia Russo,West,Office Supplies,5,17.49,87.45
1459,2025-09-21,5025,Bayside Provisions,Kofi Mensah,Southwest,Beauty,5,52.56,262.8
1460,2025-09-21,5028,Foxglove Trading,Priya Nair,Midwest,Toys & Games,2,116.12,232.24
1461,2025-09-22,5018,Beacon Street Supply,Priya Nair,Midwest,Office Supplies,2,32.16,64.32
1462,2025-09-24,5024,Evergreen Supply Co.,Liam Chen,West,Toys & Games,1,102.58,102.58
1463,2025-09-24,5031,Timberline Supply,Dana Olsen,Northeast,Electronics,3,87.41,262.23
1464,2025-09-24,5008,Ironclad Hardware,Priya Nair,Midwest,Toys & Games,1,30.25,30.25
1465,2025-09-26,5034,Brookstone Distributors,Sofia Russo,West,Sports & Outdoors,4,97.62,390.48
1466,2025-09-26,5023,Crossroads Trading,Priya Nair,Midwest,Toys & Games,5,23.29,116.45
1467,2025-09-28,5036,Juniper Hill Trading,Dana Olsen,Northeast,Beauty,6,84.04,504.24
1468,2025-09-28,5006,Harbor Point Goods,Dana Olsen,Northeast,Apparel,1,76.43,76.43
1469,2025-09-28,5003,Oakline Wholesale,Priya Nair,Midwest,Toys & Games,8,110.58,884.64
1470,2025-09-29,5026,Clearwater Retail,Dana Olsen,Northeast,Electronics,1,799.88,799.88
1471,2025-09-29,5008,Ironclad Hardware,Priya Nair,Midwest,Beauty,3,51.03,153.09
1472,2025-09-29,5009,Sunset Mercantile,Sofia Russo,West,Apparel,3,180.94,542.82
1473,2025-10-01,5021,Meadowbrook Goods,Dana Olsen,Northeast,Toys & Games,2,15.65,31.3
1474,2025-10-02,5004,Brightway Retail,Liam Chen,West,Sports & Outdoors,8,228.7,1829.6
1475,2025-10-02,5020,Silverline Distributors,Kofi Mensah,Southwest,Apparel,2,119.66,239.32
1476,2025-10-04,5020,Silverline Distributors,Kofi Mensah,Southwest,Apparel,5,196.96,984.8
1477,2025-10-04,5017,Fairview Wholesale,Marcus Reed,Southeast,Office Supplies,1,73.48,73.48
1478,2025-10-06,5028,Foxglove Trading,Priya Nair,Midwest,Electronics,7,905.87,6341.09
1479,2025-10-07,5010,Greenfield Provisions,Kofi Mensah,Southwest,Home & Kitchen,2,159.13,318.26
1480,2025-10-10,5024,Evergreen Supply Co.,Liam Chen,West,Apparel,1,148.28,148.28
1481,2025-10-11,5025,Bayside Provisions,Kofi Mensah,Southwest,Sports & Outdoors,1,60.49,60.49
1482,2025-10-11,5005,Cedar & Co.,Kofi Mensah,Southwest,Home & Kitchen,6,157.64,945.84
1483,2025-10-15,5034,Brookstone Distributors,Liam Chen,West,Sports & Outdoors,1,374.89,374.89
1484,2025-10-16,5018,Beacon Street Supply,Priya Nair,Midwest,Home & Kitchen,1,54.77,54.77
1485,2025-10-16,5025,Bayside Provisions,Kofi Mensah,Southwest,Beauty,2,15.6,31.2
1486,2025-10-17,5008,Ironclad Hardware,Priya Nair,Midwest,Electronics,1,1162.14,1162.14
1487,2025-10-18,5019,Redwood Logistics,Sofia Russo,West,Home & Kitchen,9,144.31,1298.79
1488,2025-10-24,5014,Willow Creek Goods,Sofia Russo,West,Office Supplies,1,35.12,35.12
1489,2025-10-25,5012,Stonebridge Supply,Marcus Reed,Southeast,Office Supplies,2,29.62,59.24
1490,2025-10-25,5001,Summit Supply Co.,Dana Olsen,Northeast,Electronics,3,126.79,380.37
1491,2025-10-26,5023,Crossroads Trading,Priya Nair,Midwest,Home & Kitchen,3,272.78,818.34
1492,2025-10-27,5018,Beacon Street Supply,Priya Nair,Midwest,Office Supplies,1,31.39,31.39
1493,2025-10-27,5023,Crossroads Trading,Priya Nair,Midwest,Office Supplies,7,60.87,426.09
1494,2025-10-31,5019,Redwood Logistics,Liam Chen,West,Apparel,1,32.21,32.21
1495,2025-11-02,5009,Sunset Mercantile,Liam Chen,West,Home & Kitchen,6,217.75,1306.5
1496,2025-11-02,5021,Meadowbrook Goods,Dana Olsen,Northeast,Toys & Games,2,110.58,221.16
1497,2025-11-04,5011,Northgate Outfitters,Dana Olsen,Northeast,Beauty,4,88.62,354.48
1498,2025-11-05,5028,Foxglove Trading,Priya Nair,Midwest,Toys & Games,1,104.75,104.75
1499,2025-11-05,5001,Summit Supply Co.,Dana Olsen,Northeast,Beauty,6,68.59,411.54
1500,2025-11-05,5022,Highland Mercantile,Marcus Reed,Southeast,Apparel,5,131.13,655.65
1501,2025-11-07,5035,Sterling Gate Retail,Kofi Mensah,Southwest,Home & Kitchen,2,120.74,241.48
1502,2025-11-09,5007,Maple Ridge Distributors,Marcus Reed,Southeast,Sports & Outdoors,9,142.59,1283.31
1503,2025-11-10,5009,Sunset Mercantile,Sofia Russo,West,Electronics,4,1076.48,4305.92
1504,2025-11-10,5020,Silverline Distributors,Kofi Mensah,Southwest,Office Supplies,2,35.04,70.08
1505,2025-11-11,5011,Northgate Outfitters,Dana Olsen,Northeast,Toys & Games,4,78.07,312.28
1506,2025-11-13,5036,Juniper Hill Trading,Dana Olsen,Northeast,Beauty,8,68.96,551.68
1507,2025-11-14,5020,Silverline Distributors,Kofi Mensah,Southwest,Toys & Games,8,84.84,678.72
1508,2025-11-16,5034,Brookstone Distributors,Liam Chen,West,Toys & Games,1,82.11,82.11
1509,2025-11-17,5028,Foxglove Trading,Priya Nair,Midwest,Office Supplies,3,73.98,221.94
1510,2025-11-19,5002,Riverbend Trading,Marcus Reed,Southeast,Sports & Outdoors,4,330.25,1321.0
1511,2025-11-19,5029,Anchor & Oak,Sofia Russo,West,Office Supplies,3,48.79,146.37
1512,2025-11-21,5012,Stonebridge Supply,Marcus Reed,Southeast,Apparel,2,92.41,184.82
1513,2025-11-22,5026,Clearwater Retail,Dana Olsen,Northeast,Beauty,3,26.68,80.04
1514,2025-11-23,5026,Clearwater Retail,Dana Olsen,Northeast,Electronics,1,965.56,965.56
1515,2025-11-23,5010,Greenfield Provisions,Kofi Mensah,Southwest,Office Supplies,2,35.48,70.96
1516,2025-11-24,5005,Cedar & Co.,Kofi Mensah,Southwest,Sports & Outdoors,2,395.31,790.62
1517,2025-11-26,5022,Highland Mercantile,Marcus Reed,Southeast,Sports & Outdoors,4,55.91,223.64
1518,2025-11-27,5006,Harbor Point Goods,Dana Olsen,Northeast,Beauty,1,65.12,65.12
1519,2025-11-28,5007,Maple Ridge Distributors,Marcus Reed,Southeast,Sports & Outdoors,1,319.67,319.67
1520,2025-11-29,5003,Oakline Wholesale,Priya Nair,Midwest,Office Supplies,2,63.58,127.16
1521,2025-11-29,5009,Sunset Mercantile,Liam Chen,West,Beauty,1,73.27,73.27
1522,2025-11-30,5004,Brightway Retail,Sofia Russo,West,Home & Kitchen,1,229.77,229.77
1523,2025-12-02,5006,Harbor Point Goods,Dana Olsen,Northeast,Beauty,2,36.39,72.78
1524,2025-12-02,5031,Timberline Supply,Dana Olsen,Northeast,Apparel,4,37.35,149.4
1525,2025-12-02,5015,Pioneer Trading Co.,Kofi Mensah,Southwest,Sports & Outdoors,2,390.2,780.4
1526,2025-12-02,5036,Juniper Hill Trading,Dana Olsen,Northeast,Electronics,1,912.91,912.91
1527,2025-12-03,5020,Silverline Distributors,Kofi Mensah,Southwest,Office Supplies,3,11.67,35.01
1528,2025-12-04,5031,Timberline Supply,Dana Olsen,Northeast,Toys & Games,2,41.47,82.94
1529,2025-12-05,5007,Maple Ridge Distributors,Marcus Reed,Southeast,Home & Kitchen,9,65.13,586.17
1530,2025-12-05,5031,Timberline Supply,Dana Olsen,Northeast,Office Supplies,5,63.5,317.5
1531,2025-12-06,5033,Hollow Pine Goods,Priya Nair,Midwest,Electronics,1,189.41,189.41
1532,2025-12-07,5020,Silverline Distributors,Kofi Mensah,Southwest,Office Supplies,2,53.39,106.78
1533,2025-12-07,5027,Granite Peak Goods,Marcus Reed,Southeast,Electronics,4,228.41,913.64
1534,2025-12-08,5032,Coral Bay Imports,Marcus Reed,Southeast,Apparel,2,15.24,30.48
1535,2025-12-09,5003,Oakline Wholesale,Priya Nair,Midwest,Office Supplies,3,72.06,216.18
1536,2025-12-11,5022,Highland Mercantile,Marcus Reed,Southeast,Apparel,6,135.57,813.42
1537,2025-12-13,5014,Willow Creek Goods,Sofia Russo,West,Home & Kitchen,5,172.34,861.7
1538,2025-12-13,5004,Brightway Retail,Sofia Russo,West,Toys & Games,5,54.66,273.3
1539,2025-12-14,5036,Juniper Hill Trading,Dana Olsen,Northeast,Home & Kitchen,1,69.12,69.12
1540,2025-12-14,5027,Granite Peak Goods,Marcus Reed,Southeast,Toys & Games,6,81.35,488.1
1541,2025-12-15,5005,Cedar & Co.,Kofi Mensah,Southwest,Home & Kitchen,6,290.92,1745.52
1542,2025-12-18,5024,Evergreen Supply Co.,Liam Chen,West,Electronics,5,1183.35,5916.75
1543,2025-12-19,5005,Cedar & Co.,Kofi Mensah,Southwest,Beauty,1,67.25,67.25
1544,2025-12-21,5034,Brookstone Distributors,Liam Chen,West,Office Supplies,2,66.1,132.2
1545,2025-12-21,5019,Redwood Logistics,Sofia Russo,West,Home & Kitchen,6,49.95,299.7
1546,2025-12-21,5008,Ironclad Hardware,Priya Nair,Midwest,Sports & Outdoors,1,253.56,253.56
1547,2025-12-21,5005,Cedar & Co.,Kofi Mensah,Southwest,Apparel,1,175.93,175.93
1548,2025-12-25,5029,Anchor & Oak,Liam Chen,West,Sports & Outdoors,2,161.68,323.36
1549,2025-12-25,5015,Pioneer Trading Co.,Kofi Mensah,Southwest,Beauty,3,11.73,35.19
1550,2025-12-28,5035,Sterling Gate Retail,Kofi Mensah,Southwest,Apparel,1,91.41,91.41
